,Model,Train_Accuracy_Arc,Train_Accuracy_Brc,Train_Accuracy_Token,Val_Accuracy_Arc,Val_Accuracy_Brc,Val_Accuracy_Token,Test_Accuracy_Arc,Test_Accuracy_Brc,Test_Accuracy_Token
0,700 epochs biochem SMO 10x lowerLR,0.9510864385780997,0.9054436490760779,0.9880115985870361,0.9385677935296256,0.887425551547689,0.9895814061164856,0.9472323928494508,0.8942840834964123,0.9858618974685669
