,Model,Train_Accuracy_Arc,Train_Accuracy_Brc,Train_Accuracy_Token,Val_Accuracy_Arc,Val_Accuracy_Brc,Val_Accuracy_Token,Test_Accuracy_Arc,Test_Accuracy_Brc,Test_Accuracy_Token
0,original biochem accuracies readretro,0.9690684692075835,0.9438619182527249,0.9676961302757263,0.9017258569120226,0.7818919916348874,0.9478241205215454,0.9017258569120226,0.7818919916348874,0.9478241205215454
